DATE,PARTICULARS,DR,CR,TYPE
04-02-2020,BRN PYMT CARD,8463.82,0.0,CC
04-03-2020,Ban  Drinks,3500.0,0.0,GPAY
04-04-2020,Mah  Meds,962.0,0.0,GPAY
04-09-2020,Ban  Chicken,130.0,0.0,GPAY
04-09-2020,Bank  Grocery,392.0,0.0,GPAY
04-09-2020,PUR  SWIGGY  BENGALURU,579.0,0.0,CARDCVV
04-10-2020,Foodkra,815.0,0.0,OTH
04-10-2020,*NODEC,801.6,0.0,OTH
04-11-2020,Mah  Milk cu,334.0,0.0,GPAY
04-11-2020,Ban  Signatu,1000.0,0.0,GPAY
14-04-2020,VISA MERCH Refund   APR   SWIGGY,0.0,579.0,SWIPE
15-04-2020,PVT LTD,249.0,0.0,OTH
16-04-2020,Ba  UPI,0.0,250.0,UPI
16-04-2020,Ban  UPI,1150.0,0.0,GPAY
16-04-2020,Bank  Rewarde,0.0,12.0,GPAY
16-04-2020,Bank  Rewarde,0.0,5.0,GPAY
16-04-2020,Bank  Rewarde,0.0,10.0,GPAY
16-04-2020,Bank  Rewarde,0.0,6.0,GPAY
19-04-2020,Choprarent,22130.0,0.0,OTH
23-04-2020,Ban  Chicken,440.0,0.0,GPAY
27-04-2020,Ban  Milk pr,561.0,0.0,GPAY
28-04-2020,POS  DMART NIBM  PUNE,8789.79,0.0,SWIPE
29-04-2020,ECOM PUR  Vodafone Idea,1176.46,0.0,ONLINE
29-04-2020,ECOM PUR  www airtel in  Mumbai,1177.19,0.0,ONLINE
29-04-2020,CDMA(BILLDESK)  NA,1297.0,0.0,OTH
05-01-2020,Ban  Icecrea,620.0,0.0,GPAY
05-01-2020,UPI  PA    TASNEEM A  ICICI Ban  BP,2000.0,0.0,UPI
05-02-2020,POS  SATYAM MEDIZONE  PUNE,837.0,0.0,SWIPE
05-02-2020,POS  CURE WELL DRUG ST  PUNE,1479.0,0.0,SWIPE
05-02-2020,UPI  PA    SHITAL SU  DBS Bank   Wines m,3590.0,0.0,UPI
05-04-2020,BRN PYMT CARD,928.0,0.0,CC
05-04-2020,UPI  PA    SHITAL SU  DBS Bank   Sheets,2800.0,0.0,UPI
05-04-2020,UPI  PM    BharatPe   Yes Bank   Verifie,130.0,0.0,UPI
05-05-2020,UPI  PA    SUPRIYA S  HDFC BANK  Expense,5000.0,0.0,UPI
05-10-2020,UPI  PA    PRASHANT   Kotak Mah  Chicken,560.0,0.0,UPI
05-10-2020,UPI  PA    GOOGLEPAY  Axis Bank  Rewarde,0.0,10.0,GPAY
05-10-2020,UPI  PA    GOOGLEPAY  Axis Bank  Rewarde,0.0,7.0,GPAY
05-10-2020,UPI  PA    GOOGLEPAY  Axis Bank  Rewarde,0.0,13.0,GPAY
05-10-2020,UPI  PA    GOOGLEPAY  Axis Bank  Rewarde,0.0,5.0,GPAY
05-11-2020,ECOM PUR  PAYPAL *NODEC,792.04,0.0,ONLINE
15-05-2020,UPI  PA    TASNEEM A  ICICI Ban  Whiskey,3000.0,0.0,UPI
16-05-2020,UPI  PA    SHAKUNTAL  HDFC BANK  House,100.0,0.0,UPI
16-05-2020,UPI  PA    SHAKUNTAL  HDFC BANK  T,0.0,30.0,UPI
17-05-2020,UPI  PA    SHAKUNTAL  HDFC BANK  Housie,100.0,0.0,UPI
17-05-2020,UPI  PA    SHAKUNTAL  HDFC BANK  UPI,0.0,15.0,UPI
17-05-2020,UPI  PM    BharatPe   Yes Bank   Verifie,648.0,0.0,UPI
18-05-2020,NEFT  CITIN  PAYPAL PAYMENTS PL OPGSP CO,0.0,8.77,NEFT
18-05-2020,NEFT  CITIN  PAYPAL PAYMENTS PL OPGSP CO,0.0,1353.77,NEFT
19-05-2020,UPI  PA    Mr NILRAT  Indian Ba  Raju ca,500.0,0.0,UPI
21-05-2020,NEFT  MB  AXMB  Ashok Choprarent,22320.0,0.0,NEFT
25-05-2020,UPI  PM    LAXMAN SI  Paytm Pay  Dubu du,1150.0,0.0,PAYTM
06-01-2020,NEFT  CITIN  PAYPAL PAYMENTS PL OPGSP CO,0.0,127.27,NEFT
06-01-2020,POS  CURE WELL DRUG ST  PUNE,982.0,0.0,SWIPE
06-01-2020,POS  PF*MSW*R H ENTERP  Pune,1475.0,0.0,SWIPE
06-02-2020,INB    TATA DOCOMO CDMA(BILLDESK)  NA,1297.0,0.0,NETBANK
06-05-2020,UPI  PA    RAMDAS HI  State Ban  Chicken,380.0,0.0,UPI
06-05-2020,UPI  PA    GOOGLEPAY  Axis Bank  Rewarde,0.0,5.0,GPAY
06-05-2020,UPI  PA    GOOGLEPAY  Axis Bank  Rewarde,0.0,7.0,GPAY
06-08-2020,ECOM PUR  PAYPAL *NODEC,792.91,0.0,ONLINE
06-09-2020,ECOM PUR  BIGBASKET Ban  Bangalore,375.0,0.0,ONLINE
05-01-2020,UPI  PA    TASNEEM A  ICICI Ban  BP,2000.0,0.0,UPI
05-02-2020,POS  SATYAM MEDIZONE  PUNE,837.0,0.0,SWIPE
05-02-2020,POS  CURE WELL DRUG ST  PUNE,1479.0,0.0,SWIPE
05-02-2020,UPI  PA    SHITAL SU  DBS Bank   Wines m,3590.0,0.0,UPI
05-04-2020,BRN PYMT CARD,928.0,0.0,CC
05-04-2020,UPI  PA    SHITAL SU  DBS Bank   Sheets,2800.0,0.0,UPI
05-04-2020,UPI  PM    BharatPe   Yes Bank   Verifie,130.0,0.0,UPI
05-05-2020,UPI  PA    SUPRIYA S  HDFC BANK  Expense,5000.0,0.0,UPI
05-10-2020,UPI  PA    PRASHANT   Kotak Mah  Chicken,560.0,0.0,UPI
05-10-2020,UPI  PA    GOOGLEPAY  Axis Bank  Rewarde,0.0,10.0,GPAY
05-10-2020,UPI  PA    GOOGLEPAY  Axis Bank  Rewarde,0.0,7.0,GPAY
05-10-2020,UPI  PA    GOOGLEPAY  Axis Bank  Rewarde,0.0,13.0,GPAY
05-10-2020,UPI  PA    GOOGLEPAY  Axis Bank  Rewarde,0.0,5.0,GPAY
05-11-2020,ECOM PUR  PAYPAL *NODEC,792.04,0.0,ONLINE
15-05-2020,UPI  PA    TASNEEM A  ICICI Ban  Whiskey,3000.0,0.0,UPI
16-05-2020,UPI  PA    SHAKUNTAL  HDFC BANK  House,100.0,0.0,UPI
16-05-2020,UPI  PA    SHAKUNTAL  HDFC BANK  T,0.0,30.0,UPI
17-05-2020,UPI  PA    SHAKUNTAL  HDFC BANK  Housie,100.0,0.0,UPI
17-05-2020,UPI  PA    SHAKUNTAL  HDFC BANK  UPI,0.0,15.0,UPI
17-05-2020,UPI  PM    BharatPe   Yes Bank   Verifie,648.0,0.0,UPI
18-05-2020,NEFT  CITIN  PAYPAL PAYMENTS PL OPGSP CO,0.0,8.77,NEFT
18-05-2020,NEFT  CITIN  PAYPAL PAYMENTS PL OPGSP CO,0.0,1353.77,NEFT
19-05-2020,UPI  PA    Mr NILRAT  Indian Ba  Raju ca,500.0,0.0,UPI
21-05-2020,NEFT  MB  AXMB  Ashok Choprarent,22320.0,0.0,NEFT
25-05-2020,UPI  PM    LAXMAN SI  Paytm Pay  Dubu du,1150.0,0.0,PAYTM
06-01-2020,NEFT  CITIN  PAYPAL PAYMENTS PL OPGSP CO,0.0,127.27,NEFT
06-01-2020,POS  CURE WELL DRUG ST  PUNE,982.0,0.0,SWIPE
06-01-2020,POS  PF*MSW*R H ENTERP  Pune,1475.0,0.0,SWIPE
06-02-2020,INB    TATA DOCOMO CDMA(BILLDESK)  NA,1297.0,0.0,NETBANK
06-05-2020,UPI  PA    RAMDAS HI  State Ban  Chicken,380.0,0.0,UPI
06-05-2020,UPI  PA    GOOGLEPAY  Axis Bank  Rewarde,0.0,5.0,GPAY
06-05-2020,UPI  PA    GOOGLEPAY  Axis Bank  Rewarde,0.0,7.0,GPAY
06-08-2020,ECOM PUR  PAYPAL *NODEC,792.91,0.0,ONLINE
06-09-2020,ECOM PUR  BIGBASKET Ban  Bangalore,375.0,0.0,ONLINE
06-09-2020,ECOM PUR  BIGBASKET Ban  Bangalore,2518.0,0.0,ONLINE
06-10-2020,ECOM PUR  Idea cellular  GANDHINAGAR,379.0,0.0,ONLINE
06-12-2020,INB    PAYU IN,1575.0,0.0,NETBANK
06-12-2020,BY CASH DEPOSIT  BNA  SRH      PUNE,0.0,49500.0,CASHDEP
06-12-2020,BY CASH DEPOSIT  BNA  SRH      PUNE,0.0,32000.0,CASHDEP
06-12-2020,POS  ANSHI LIFE STYLE  PUNE,1100.0,0.0,SWIPE
06-12-2020,ECOM PUR  Bundl Technol,623.0,0.0,ONLINE
13-06-2020,ECOM PUR  Amazon Seller,1896.0,0.0,ONLINE
16-06-2020,NEFT  CITIN  PAYPAL PAYMENTS PL OPGSP CO,0.0,2052.8,NEFT
17-06-2020,POS  PF*MSW*DWARKA MIT  Pune,30.0,0.0,SWIPE
17-06-2020,UPI  PM    M MART  Paytm Pay  Mmart gr,491.0,0.0,PAYTM
17-06-2020,UPI  PM    FOOD KRAF  Paytm Pay  Good Kr,235.0,0.0,PAYTM
19-06-2020,POS  PF*PRAKASH CHANDR  Pune,400.0,0.0,SWIPE
19-06-2020,POS  SATYAM MEDIZONE  PUNE,1870.0,0.0,SWIPE
19-06-2020,UPI  PM    Dwarka Ch  Axis Bank  Modula,588.0,0.0,UPI
19-06-2020,POS  KUMAR WINES  PUNE,530.0,0.0,SWIPE
19-06-2020,POS  PARICHAY HOTELS P  PUNE,800.0,0.0,SWIPE
24-06-2020,UPI  PM    BilldeskT  ICICI Ban  Pay,1297.0,0.0,UPI
24-06-2020,ECOM PUR  www airtel in  Mumbai,1059.64,0.0,ONLINE
24-06-2020,ECOM PUR  Vodafone Indi  Mumbai,500.0,0.0,ONLINE
25-06-2020,ECOM PUR  BIGBASKET Ban  Bangalore,1530.62,0.0,ONLINE
25-06-2020,NEFT  MB  AXMB  Ashok Choprarent june ms,36640.0,0.0,NEFT
27-06-2020,UPI  PA    YOGIRAJ V  Union Ban  Plumber,1152.0,0.0,UPI
28-06-2020,ECOM PUR  SWIGGY  BENGALURU,544.0,0.0,ONLINE
29-06-2020,INB    CCAVENUE COM    CHARGE,2828.0,0.0,NETBANK
30-06-2020,UPI  PA    RAHUL VIJ  DBS Bank   Coming,7500.0,0.0,UPI
30-06-2020,Int Pd    to,0.0,1095.0,INTEREST
30-06-2020,ECOM PUR  BIGBASKET Ban  Bangalore,1758.0,0.0,ONLINE
07-02-2020,UPI  PA    SHAKTIPAD  United Ba  Chicken,200.0,0.0,UPI
07-03-2020,BRN PYMT CARD,4727.0,0.0,CC
07-03-2020,ECOM PUR  SWIGGY  BENGALURU,499.0,0.0,ONLINE
07-04-2020,ECOM PUR  Bundl technol  Vijayawada,628.0,0.0,ONLINE
07-10-2020,NEFT  CITIN  PAYPAL PAYMENTS PL OPGSP CO,0.0,2022.44,NEFT
07-10-2020,UPI  PA    SHAKTIPAD  United Ba  Chicken,230.0,0.0,UPI
07-11-2020,GST @% on Charge,2.7,0.0,TAX
06-09-2020,ECOM PUR  BIGBASKET Ban  Bangalore,2518.0,0.0,ONLINE
06-10-2020,ECOM PUR  Idea cellular  GANDHINAGAR,379.0,0.0,ONLINE
06-12-2020,INB    PAYU IN,1575.0,0.0,NETBANK
06-12-2020,BY CASH DEPOSIT  BNA  SRH      PUNE,0.0,49500.0,CASHDEP
06-12-2020,BY CASH DEPOSIT  BNA  SRH      PUNE,0.0,32000.0,CASHDEP
06-12-2020,POS  ANSHI LIFE STYLE  PUNE,1100.0,0.0,SWIPE
06-12-2020,ECOM PUR  Bundl Technol,623.0,0.0,ONLINE
13-06-2020,ECOM PUR  Amazon Seller,1896.0,0.0,ONLINE
16-06-2020,NEFT  CITIN  PAYPAL PAYMENTS PL OPGSP CO,0.0,2052.8,NEFT
17-06-2020,POS  PF*MSW*DWARKA MIT  Pune,30.0,0.0,SWIPE
17-06-2020,UPI  PM    M MART  Paytm Pay  Mmart gr,491.0,0.0,PAYTM
17-06-2020,UPI  PM    FOOD KRAF  Paytm Pay  Good Kr,235.0,0.0,PAYTM
19-06-2020,POS  PF*PRAKASH CHANDR  Pune,400.0,0.0,SWIPE
19-06-2020,POS  SATYAM MEDIZONE  PUNE,1870.0,0.0,SWIPE
19-06-2020,UPI  PM    Dwarka Ch  Axis Bank  Modula,588.0,0.0,UPI
19-06-2020,POS  KUMAR WINES  PUNE,530.0,0.0,SWIPE
19-06-2020,POS  PARICHAY HOTELS P  PUNE,800.0,0.0,SWIPE
24-06-2020,UPI  PM    BilldeskT  ICICI Ban  Pay,1297.0,0.0,UPI
24-06-2020,ECOM PUR  www airtel in  Mumbai,1059.64,0.0,ONLINE
24-06-2020,ECOM PUR  Vodafone Indi  Mumbai,500.0,0.0,ONLINE
25-06-2020,ECOM PUR  BIGBASKET Ban  Bangalore,1530.62,0.0,ONLINE
25-06-2020,NEFT  MB  AXMB  Ashok Choprarent june ms,36640.0,0.0,NEFT
27-06-2020,UPI  PA    YOGIRAJ V  Union Ban  Plumber,1152.0,0.0,UPI
28-06-2020,ECOM PUR  SWIGGY  BENGALURU,544.0,0.0,ONLINE
29-06-2020,INB    CCAVENUE COM    CHARGE,2828.0,0.0,NETBANK
30-06-2020,UPI  PA    RAHUL VIJ  DBS Bank   Coming,7500.0,0.0,UPI
30-06-2020,Int Pd    to,0.0,1095.0,INTEREST
30-06-2020,ECOM PUR  BIGBASKET Ban  Bangalore,1758.0,0.0,ONLINE
07-02-2020,UPI  PA    SHAKTIPAD  United Ba  Chicken,200.0,0.0,UPI
07-03-2020,BRN PYMT CARD,4727.0,0.0,CC
07-03-2020,ECOM PUR  SWIGGY  BENGALURU,499.0,0.0,ONLINE
07-04-2020,ECOM PUR  Bundl technol  Vijayawada,628.0,0.0,ONLINE
07-10-2020,NEFT  CITIN  PAYPAL PAYMENTS PL OPGSP CO,0.0,2022.44,NEFT
07-10-2020,UPI  PA    SHAKTIPAD  United Ba  Chicken,230.0,0.0,UPI
07-11-2020,GST @% on Charge,2.7,0.0,TAX
07-11-2020,Consolidated Charges for A  c,15.0,0.0,TAX
13-07-2020,UPI  PA    SHAKTIPAD  United Ba  Chicken,550.0,0.0,UPI
13-07-2020,MOB  TPFT  NAVIN SINGH,0.0,100000.0,NETBANK
14-07-2020,UPI  PA    GOOGLEPAY  Axis Bank  Rewarde,0.0,5.0,GPAY
15-07-2020,INB    PAYU IN,1499.0,0.0,NETBANK
20-07-2020,UPI  PA    GANESH SU  State Ban  UPI,3500.0,0.0,UPI
20-07-2020,NEFT  CITIN  PAYPAL PAYMENTS PL OPGSP CO,0.0,1413.37,NEFT
22-07-2020,NEFT  MB  AXMB  Ashok Choprarent without,23000.0,0.0,NEFT
22-07-2020,NEFT  CITIN  PAYPAL PAYMENTS PL OPGSP CO,0.0,317.39,NEFT
23-07-2020,UPI  PA    JASPREET   HDFC BANK  Whiskey,3500.0,0.0,UPI
24-07-2020,Dr Card Charges ANNUAL XXXXXXXX,354.0,0.0,TAX
24-07-2020,ECOM PUR  Amazon Seller,129.0,0.0,ONLINE
24-07-2020,UPI  PA    SHAKTIPAD  United Ba  Cylinde,2460.0,0.0,UPI
27-07-2020,ECOM PUR  Bundl technol  Vijayawada,484.0,0.0,ONLINE
28-07-2020,NEFT  CITIN  PAYPAL PAYMENTS PL OPGSP CO,0.0,1996.04,NEFT
30-07-2020,UPI  PA    SHAKTIPAD  United Ba  nd cyl,1500.0,0.0,UPI
31-07-2020,ECOM PUR  Amazon Pay,915.26,0.0,ONLINE
08-01-2020,ECOM PUR  VODAFONE MOBI  NOIDA,1236.96,0.0,ONLINE
08-02-2020,ECOM PUR  BIGBASKET Ban  Bangalore,2637.0,0.0,ONLINE
08-02-2020,ECOM PUR  SWIGGY,655.0,0.0,ONLINE
08-03-2020,BRN PYMT CARD,2060.0,0.0,CC
08-03-2020,NEFT  CITIN  PAYPAL PAYMENTS PL OPGSP CO,0.0,316.97,NEFT
08-04-2020,INB    PAYTM MOBILE SOLUTIONS PVT LTD,299.0,0.0,NETBANK
08-07-2020,POS  JYOTI ENTERPRISES  PUNE,720.0,0.0,SWIPE
08-12-2020,UPI  PM    BharatPe   Yes Bank   Verifie,565.0,0.0,UPI
13-08-2020,ECOM PUR  Innovative Re  Bangalore,2990.0,0.0,ONLINE
15-08-2020,UPI  PA    CURE WELL  Kotak Mah  Sitagli,1300.0,0.0,UPI
15-08-2020,POS  KFC SAPPHIRE  PUNE,503.0,0.0,SWIPE
16-08-2020,MOB  TPFT  RENU SINGH,0.0,5000.0,NETBANK
17-08-2020,NEFT  MB  AXMB  Ashok Choprarent,25510.0,0.0,NEFT
17-08-2020,ECOM PUR  Bharti Airtel  NewDelhi,470.82,0.0,ONLINE
18-08-2020,UPI  PA    SHACHI SH  State Ban  LPG,0.0,4500.0,UPI
19-08-2020,POS  SUBWAY  PUNE,420.0,0.0,SWIPE
19-08-2020,UPI  PA    KAPURA RA  Axis Bank  Su teej,1500.0,0.0,UPI
19-08-2020,UPI  PA    KAPURA RA  Axis Bank  Su teej,1200.0,0.0,UPI
21-08-2020,POS  MSW*DWARKA MITHAS  Pune,1193.0,0.0,SWIPE
07-11-2020,Consolidated Charges for A  c,15.0,0.0,TAX
13-07-2020,UPI  PA    SHAKTIPAD  United Ba  Chicken,550.0,0.0,UPI
13-07-2020,MOB  TPFT  NAVIN SINGH,0.0,100000.0,NETBANK
14-07-2020,UPI  PA    GOOGLEPAY  Axis Bank  Rewarde,0.0,5.0,GPAY
15-07-2020,INB    PAYU IN,1499.0,0.0,NETBANK
20-07-2020,UPI  PA    GANESH SU  State Ban  UPI,3500.0,0.0,UPI
20-07-2020,NEFT  CITIN  PAYPAL PAYMENTS PL OPGSP CO,0.0,1413.37,NEFT
22-07-2020,NEFT  MB  AXMB  Ashok Choprarent without,23000.0,0.0,NEFT
22-07-2020,NEFT  CITIN  PAYPAL PAYMENTS PL OPGSP CO,0.0,317.39,NEFT
23-07-2020,UPI  PA    JASPREET   HDFC BANK  Whiskey,3500.0,0.0,UPI
24-07-2020,Dr Card Charges ANNUAL XXXXXXXX,354.0,0.0,TAX
24-07-2020,ECOM PUR  Amazon Seller,129.0,0.0,ONLINE
24-07-2020,UPI  PA    SHAKTIPAD  United Ba  Cylinde,2460.0,0.0,UPI
27-07-2020,ECOM PUR  Bundl technol  Vijayawada,484.0,0.0,ONLINE
28-07-2020,NEFT  CITIN  PAYPAL PAYMENTS PL OPGSP CO,0.0,1996.04,NEFT
30-07-2020,UPI  PA    SHAKTIPAD  United Ba  nd cyl,1500.0,0.0,UPI
31-07-2020,ECOM PUR  Amazon Pay,915.26,0.0,ONLINE
08-01-2020,ECOM PUR  VODAFONE MOBI  NOIDA,1236.96,0.0,ONLINE
08-02-2020,ECOM PUR  BIGBASKET Ban  Bangalore,2637.0,0.0,ONLINE
08-02-2020,ECOM PUR  SWIGGY,655.0,0.0,ONLINE
08-03-2020,BRN PYMT CARD,2060.0,0.0,CC
08-03-2020,NEFT  CITIN  PAYPAL PAYMENTS PL OPGSP CO,0.0,316.97,NEFT
08-04-2020,INB    PAYTM MOBILE SOLUTIONS PVT LTD,299.0,0.0,NETBANK
08-07-2020,POS  JYOTI ENTERPRISES  PUNE,720.0,0.0,SWIPE
08-12-2020,UPI  PM    BharatPe   Yes Bank   Verifie,565.0,0.0,UPI
13-08-2020,ECOM PUR  Innovative Re  Bangalore,2990.0,0.0,ONLINE
15-08-2020,UPI  PA    CURE WELL  Kotak Mah  Sitagli,1300.0,0.0,UPI
15-08-2020,POS  KFC SAPPHIRE  PUNE,503.0,0.0,SWIPE
16-08-2020,MOB  TPFT  RENU SINGH,0.0,5000.0,NETBANK
17-08-2020,NEFT  MB  AXMB  Ashok Choprarent,25510.0,0.0,NEFT
17-08-2020,ECOM PUR  Bharti Airtel  NewDelhi,470.82,0.0,ONLINE
18-08-2020,UPI  PA    SHACHI SH  State Ban  LPG,0.0,4500.0,UPI
19-08-2020,POS  SUBWAY  PUNE,420.0,0.0,SWIPE
19-08-2020,UPI  PA    KAPURA RA  Axis Bank  Su teej,1500.0,0.0,UPI
19-08-2020,UPI  PA    KAPURA RA  Axis Bank  Su teej,1200.0,0.0,UPI
21-08-2020,POS  MSW*DWARKA MITHAS  Pune,1193.0,0.0,SWIPE
22-08-2020,INB    TECHPROCESS SOLUTIONS LTD,483.0,0.0,NETBANK
23-08-2020,UPI  PA    CURE WELL  Kotak Mah  Glimisa,393.0,0.0,UPI
27-08-2020,POS  PARICHAY HOTELS P  PUNE,656.0,0.0,SWIPE
28-08-2020,POS  SAI PETRO HUB IOC  PUNE,1000.0,0.0,SWIPE
29-08-2020,POS  MC DONALDS  PUNE,915.98,0.0,SWIPE
29-08-2020,POS  JIJAI PETROLEUM  SATARA,1000.0,0.0,SWIPE
30-08-2020,POS  MC DONALDS  PUNE,2645.0,0.0,SWIPE
31-08-2020,POS  SHREE SERVICE STA  PUNE,1000.0,0.0,SWIPE
31-08-2020,VISA MERCH Refund   AUG   SAI PETRO HUB IOCL,0.0,7.5,SWIPE
09-01-2020,VISA MERCH Refund   AUG   JIJAI PETROLEUM,0.0,7.5,SWIPE
09-01-2020,POS  BPCL BELDARE PATI  PUNE,992.5,0.0,SWIPE
09-02-2020,BRN PYMT CARD,1278.0,0.0,CC
09-02-2020,UPI  PA    JASPREET   HDFC BANK  Baashos,1139.0,0.0,UPI
09-02-2020,INB    PAYU IN,549.0,0.0,NETBANK
09-03-2020,UPI  PA    RAJGOPAL   ICICI Ban  Mcdonal,0.0,900.0,UPI
09-03-2020,POS  KEDARI SERVICE  PUNE,1000.0,0.0,SWIPE
09-03-2020,VISA MERCH Refund   AUG   SHREE SERVICE STATION,0.0,7.5,SWIPE
09-07-2020,IMPS  PA    ARURAG  DBSBANK   X,4005.9,0.0,IMPS
09-07-2020,VISA MERCH Refund   SEP   KEDARI SERVICE STATIO,0.0,7.5,SWIPE
09-08-2020,UPI  PM    BharatPe   Yes Bank   Verifie,633.0,0.0,UPI
09-09-2020,POS  KEDARI SERVICE  PUNE,1000.0,0.0,SWIPE
09-10-2020,ECOM PUR  Bharti Airtel  NewDelhi,588.82,0.0,ONLINE
09-10-2020,ECOM PUR  Bundl technol  Vijayawada,436.0,0.0,ONLINE
09-10-2020,ECOM PUR  Bundl technol  Vijayawada,187.0,0.0,ONLINE
09-11-2020,UPI  PM      Babulal  Axis Bank  Amardee,6696.0,0.0,UPI
09-11-2020,BY CASH DEPOSIT  BNA  DPRH      PUNE,0.0,41000.0,CASHDEP
09-11-2020,BY CASH DEPOSIT  BNA  DPRH      PUNE,0.0,16000.0,CASHDEP
09-11-2020,NEFT  MB  AXMB  Supriya Shahiexpenses,16000.0,0.0,NEFT
09-12-2020,VISA MERCH Refund   SEP   KEDARI SERVICE STATIO,0.0,7.5,SWIPE
16-09-2020,IMPS  PA    SHACHISH  ICICIBA N,0.0,50000.0,IMPS
17-09-2020,NEFT  MB  AXMB  Rahul Pardeshi DBSautoca,2500.0,0.0,NEFT
17-09-2020,NEFT  MB  AXMB  Ashok Choprarent,25740.0,0.0,NEFT
17-09-2020,ECOM PUR  Amazon Seller,399.0,0.0,ONLINE
18-09-2020,UPI  PA    VISHVAJEE  Union Ban  Wap an,600.0,0.0,UPI
19-09-2020,POS  D J PETROLEUM  PUNE,1000.0,0.0,SWIPE
22-08-2020,INB    TECHPROCESS SOLUTIONS LTD,483.0,0.0,NETBANK
23-08-2020,UPI  PA    CURE WELL  Kotak Mah  Glimisa,393.0,0.0,UPI
27-08-2020,POS  PARICHAY HOTELS P  PUNE,656.0,0.0,SWIPE
28-08-2020,POS  SAI PETRO HUB IOC  PUNE,1000.0,0.0,SWIPE
29-08-2020,POS  MC DONALDS  PUNE,915.98,0.0,SWIPE
29-08-2020,POS  JIJAI PETROLEUM  SATARA,1000.0,0.0,SWIPE
30-08-2020,POS  MC DONALDS  PUNE,2645.0,0.0,SWIPE
31-08-2020,POS  SHREE SERVICE STA  PUNE,1000.0,0.0,SWIPE
31-08-2020,VISA MERCH Refund   AUG   SAI PETRO HUB IOCL,0.0,7.5,SWIPE
09-01-2020,VISA MERCH Refund   AUG   JIJAI PETROLEUM,0.0,7.5,SWIPE
09-01-2020,POS  BPCL BELDARE PATI  PUNE,992.5,0.0,SWIPE
09-02-2020,BRN PYMT CARD,1278.0,0.0,CC
09-02-2020,UPI  PA    JASPREET   HDFC BANK  Baashos,1139.0,0.0,UPI
09-02-2020,INB    PAYU IN,549.0,0.0,NETBANK
09-03-2020,UPI  PA    RAJGOPAL   ICICI Ban  Mcdonal,0.0,900.0,UPI
09-03-2020,POS  KEDARI SERVICE  PUNE,1000.0,0.0,SWIPE
09-03-2020,VISA MERCH Refund   AUG   SHREE SERVICE STATION,0.0,7.5,SWIPE
09-07-2020,IMPS  PA    ARURAG  DBSBANK   X,4005.9,0.0,IMPS
09-07-2020,VISA MERCH Refund   SEP   KEDARI SERVICE STATIO,0.0,7.5,SWIPE
09-08-2020,UPI  PM    BharatPe   Yes Bank   Verifie,633.0,0.0,UPI
09-09-2020,POS  KEDARI SERVICE  PUNE,1000.0,0.0,SWIPE
09-10-2020,ECOM PUR  Bharti Airtel  NewDelhi,588.82,0.0,ONLINE
09-10-2020,ECOM PUR  Bundl technol  Vijayawada,436.0,0.0,ONLINE
09-10-2020,ECOM PUR  Bundl technol  Vijayawada,187.0,0.0,ONLINE
09-11-2020,UPI  PM      Babulal  Axis Bank  Amardee,6696.0,0.0,UPI
09-11-2020,BY CASH DEPOSIT  BNA  DPRH      PUNE,0.0,41000.0,CASHDEP
09-11-2020,BY CASH DEPOSIT  BNA  DPRH      PUNE,0.0,16000.0,CASHDEP
09-11-2020,NEFT  MB  AXMB  Supriya Shahiexpenses,16000.0,0.0,NEFT
09-12-2020,VISA MERCH Refund   SEP   KEDARI SERVICE STATIO,0.0,7.5,SWIPE
16-09-2020,IMPS  PA    SHACHISH  ICICIBA N,0.0,50000.0,IMPS
17-09-2020,NEFT  MB  AXMB  Rahul Pardeshi DBSautoca,2500.0,0.0,NEFT
17-09-2020,NEFT  MB  AXMB  Ashok Choprarent,25740.0,0.0,NEFT
17-09-2020,ECOM PUR  Amazon Seller,399.0,0.0,ONLINE
18-09-2020,UPI  PA    VISHVAJEE  Union Ban  Wap an,600.0,0.0,UPI
19-09-2020,POS  D J PETROLEUM  PUNE,1000.0,0.0,SWIPE
21-09-2020,INB    UDEMY INDIA(BILLDESK)  NA,455.0,0.0,NETBANK
21-09-2020,UPI  PM    AMAZON SE  HDFC BANK  Tab ika,3830.0,0.0,UPI
22-09-2020,VISA MERCH Refund   SEP   D J PETROLEUM,0.0,7.5,SWIPE
23-09-2020,ECOM PUR  Amazon in  Gro,640.0,0.0,ONLINE
24-09-2020,ECOM PUR  Amazon Seller,499.0,0.0,ONLINE
26-09-2020,ECOM PUR  Amazon Seller,4644.0,0.0,ONLINE
28-09-2020,ECOM PUR  Vodafone Idea  Mumbai,1000.64,0.0,ONLINE
28-09-2020,NEFT  SBIN  Mrs  SONIKA BHANDARI    ATTN,0.0,9999.0,NEFT
30-09-2020,ECOM PUR  Swiggy,611.0,0.0,ONLINE
30-09-2020,Int Pd    to,0.0,1132.0,INTEREST
10-01-2020,NEFT  MB  AXMB  Supriya Shahikharcha,15000.0,0.0,NEFT
10-01-2020,ECOM PUR  AMAZON INDIA  Bangalore,799.0,0.0,ONLINE
10-02-2020,ECOM PUR  Bundl Technol,917.0,0.0,ONLINE
10-02-2020,ECOM PUR  Bundl Technol,917.0,0.0,ONLINE
10-02-2020,ECOM PUR  Zomato  GURGAON,397.5,0.0,ONLINE
10-03-2020,BRN PYMT CARD,3700.0,0.0,CC
10-05-2020,VISA MERCH Refund   OCT   SWIGGY,0.0,917.0,SWIPE
10-06-2020,VISA MERCH Refund   OCT   AMAZON,0.0,719.0,SWIPE
10-07-2020,POS  CURE WELL DRUG ST  PUNE,931.0,0.0,SWIPE
10-07-2020,ECOM PUR  WWW AIRTEL IN  GURGAON,2829.0,0.0,ONLINE
10-09-2020,ECOM PUR  SWIGGY,303.0,0.0,ONLINE
13-10-2020,ECOM PUR  AIRTEL  RP  GALURU KA,352.0,0.0,ONLINE
13-10-2020,UPI  PM    Balaji pa  Paytm Pay  Cig,180.0,0.0,PAYTM
16-10-2020,POS  KUMAR WINES  PUNE,940.0,0.0,SWIPE
16-10-2020,UPI  PM    Balaji pa  Paytm Pay  Cig,180.0,0.0,PAYTM
16-10-2020,ECOM PUR  ZOMATO,503.0,0.0,ONLINE
17-10-2020,ECOM PUR  Swiggy,195.0,0.0,ONLINE
18-10-2020,GST @% on Charge,2.7,0.0,TAX
18-10-2020,Consolidated Charges for A  c,15.0,0.0,TAX
19-10-2020,POS  ISHWAR SERVICE ST  PUNE,1000.0,0.0,SWIPE
19-10-2020,ATM CASH  sada shiv peth pun  Pune,4000.0,0.0,CASHWD
19-10-2020,UPI  PA    HANUMAN    Paytm Pay  Xerox,4.0,0.0,PAYTM
19-10-2020,NEFT  MB  AXMB  Ashok Ch  KOTAK M  rent,24650.0,0.0,NEFT
20-10-2020,UPI  PM    Balaji pa  Paytm Pay  Cig,180.0,0.0,PAYTM
21-10-2020,UPI  PA    GOOGLEPAY  Axis Bank  Rewarde,0.0,5.0,GPAY
21-10-2020,UPI  PA    GOOGLEPAY  Axis Bank  Rewarde,0.0,5.0,GPAY
22-10-2020,BY CASH DEPOSIT  BNA  DPRH      PUNE,0.0,35500.0,CASHDEP
22-10-2020,UPI  PM    Balaji pa  Paytm Pay  Cig,180.0,0.0,PAYTM
22-10-2020,VISA MERCH Refund   OCT   ISHWAR SERVICE STATIO,0.0,7.5,SWIPE
24-10-2020,POS  MEHROFI TRADERS  PUNE,1000.0,0.0,SWIPE
24-10-2020,ECOM PUR  Swiggy,194.0,0.0,ONLINE
21-09-2020,INB    UDEMY INDIA(BILLDESK)  NA,455.0,0.0,NETBANK
21-09-2020,UPI  PM    AMAZON SE  HDFC BANK  Tab ika,3830.0,0.0,UPI
22-09-2020,VISA MERCH Refund   SEP   D J PETROLEUM,0.0,7.5,SWIPE
23-09-2020,ECOM PUR  Amazon in  Gro,640.0,0.0,ONLINE
24-09-2020,ECOM PUR  Amazon Seller,499.0,0.0,ONLINE
26-09-2020,ECOM PUR  Amazon Seller,4644.0,0.0,ONLINE
28-09-2020,ECOM PUR  Vodafone Idea  Mumbai,1000.64,0.0,ONLINE
28-09-2020,NEFT  SBIN  Mrs  SONIKA BHANDARI    ATTN,0.0,9999.0,NEFT
30-09-2020,ECOM PUR  Swiggy,611.0,0.0,ONLINE
30-09-2020,Int Pd    to,0.0,1132.0,INTEREST
10-01-2020,NEFT  MB  AXMB  Supriya Shahikharcha,15000.0,0.0,NEFT
10-01-2020,ECOM PUR  AMAZON INDIA  Bangalore,799.0,0.0,ONLINE
10-02-2020,ECOM PUR  Bundl Technol,917.0,0.0,ONLINE
10-02-2020,ECOM PUR  Bundl Technol,917.0,0.0,ONLINE
10-02-2020,ECOM PUR  Zomato  GURGAON,397.5,0.0,ONLINE
10-03-2020,BRN PYMT CARD,3700.0,0.0,CC
10-05-2020,VISA MERCH Refund   OCT   SWIGGY,0.0,917.0,SWIPE
10-06-2020,VISA MERCH Refund   OCT   AMAZON,0.0,719.0,SWIPE
10-07-2020,POS  CURE WELL DRUG ST  PUNE,931.0,0.0,SWIPE
10-07-2020,ECOM PUR  WWW AIRTEL IN  GURGAON,2829.0,0.0,ONLINE
10-09-2020,ECOM PUR  SWIGGY,303.0,0.0,ONLINE
13-10-2020,ECOM PUR  AIRTEL  RP  GALURU KA,352.0,0.0,ONLINE
13-10-2020,UPI  PM    Balaji pa  Paytm Pay  Cig,180.0,0.0,PAYTM
16-10-2020,POS  KUMAR WINES  PUNE,940.0,0.0,SWIPE
16-10-2020,UPI  PM    Balaji pa  Paytm Pay  Cig,180.0,0.0,PAYTM
16-10-2020,ECOM PUR  ZOMATO,503.0,0.0,ONLINE
17-10-2020,ECOM PUR  Swiggy,195.0,0.0,ONLINE
18-10-2020,GST @% on Charge,2.7,0.0,TAX
18-10-2020,Consolidated Charges for A  c,15.0,0.0,TAX
19-10-2020,POS  ISHWAR SERVICE ST  PUNE,1000.0,0.0,SWIPE
19-10-2020,ATM CASH  sada shiv peth pun  Pune,4000.0,0.0,CASHWD
19-10-2020,UPI  PA    HANUMAN    Paytm Pay  Xerox,4.0,0.0,PAYTM
19-10-2020,NEFT  MB  AXMB  Ashok Ch  KOTAK M  rent,24650.0,0.0,NEFT
20-10-2020,UPI  PM    Balaji pa  Paytm Pay  Cig,180.0,0.0,PAYTM
21-10-2020,UPI  PA    GOOGLEPAY  Axis Bank  Rewarde,0.0,5.0,GPAY
21-10-2020,UPI  PA    GOOGLEPAY  Axis Bank  Rewarde,0.0,5.0,GPAY
22-10-2020,BY CASH DEPOSIT  BNA  DPRH      PUNE,0.0,35500.0,CASHDEP
22-10-2020,UPI  PM    Balaji pa  Paytm Pay  Cig,180.0,0.0,PAYTM
22-10-2020,VISA MERCH Refund   OCT   ISHWAR SERVICE STATIO,0.0,7.5,SWIPE
24-10-2020,POS  MEHROFI TRADERS  PUNE,1000.0,0.0,SWIPE
24-10-2020,ECOM PUR  Swiggy,194.0,0.0,ONLINE
25-10-2020,UPI  PM    Curewell   Paytm Pay  Meds,1054.0,0.0,PAYTM
26-10-2020,UPI  PM    Balaji pa  Paytm Pay  Cig,180.0,0.0,PAYTM
27-10-2020,VISA MERCH Refund   OCT   MEHROFI TRADERS,0.0,7.5,SWIPE
28-10-2020,ECOM PUR  Amazon Seller,3899.0,0.0,ONLINE
29-10-2020,ECOM PUR  WWW SWIGGY CO,299.0,0.0,ONLINE
29-10-2020,INB    UDEMY INDIA(BILLDESK)  NA,700.0,0.0,NETBANK
29-10-2020,ECOM PUR  Swiggy,430.0,0.0,ONLINE
30-10-2020,ECOM PUR  WWW SWIGGY CO,760.0,0.0,ONLINE
31-10-2020,UPI  PA    Mrs ARCHA  Bank of M  Supriya,6030.0,0.0,UPI
31-10-2020,UPI  PA    GOOGLEPAY  Axis Bank  Rewarde,0.0,5.0,GPAY
31-10-2020,POS  BOTECO RESTAURANT  PUNE,7065.0,0.0,SWIPE
11-01-2020,ECOM PUR  SWIGGY,377.0,0.0,ONLINE
11-02-2020,BRN PYMT CARD,13693.8,0.0,CC
11-02-2020,UPI  PA    Mr  BAPUR  Bank of M  Grocery,961.0,0.0,UPI
11-02-2020,TRF  K RASHEED ABDULLA MALBARI  transfer,0.0,30000.0,TRF
11-02-2020,PUR REV TXN DT  OCT  Swiggy,0.0,430.0,CARDCVV
11-03-2020,ECOM PUR  WWW SWIGGY CO,407.0,0.0,ONLINE
11-04-2020,ECOM PUR  RAZ*Bharti Ai  Gurgaon,471.64,0.0,ONLINE
11-04-2020,ECOM PUR  WWW VODAFONE  GURGAON,470.82,0.0,ONLINE
11-05-2020,CTF  OCT  Swiggy,430.0,0.0,CARDCVV
11-05-2020,UPI  PA    PRIDE DIS  IDBI Bank  Hit mos,172.0,0.0,UPI
11-05-2020,UPI  PA    ACHALARAM  Paytm Pay  Sweets,230.0,0.0,PAYTM
11-06-2020,UPI  PA    CURE WELL  Kotak Mah  Meds,1191.0,0.0,UPI
11-07-2020,UPI  PA    SAGAR SEK  Paytm Pay  Ch,160.0,0.0,PAYTM
11-07-2020,UPI  PA    KAUSTUBH   Kotak Mah  Ganesh,7000.0,0.0,UPI
11-07-2020,UPI  PM    krishna g  Paytm Pay  Cig,165.0,0.0,PAYTM
11-08-2020,POS  SAI PETRO HUB  PUNE,1000.0,0.0,SWIPE
11-09-2020,UPI  PM    krishna g  Paytm Pay  C,165.0,0.0,PAYTM
11-11-2020,UPI  PA    SAGAR SEK  Paytm Pay  Chicken,236.0,0.0,PAYTM
11-11-2020,VISA MERCH Refund   NOV   SAI PETRO HUB,0.0,7.5,SWIPE
11-11-2020,UPI  PA    DEEPAK R   Indian Ov  Robe,400.0,0.0,UPI
11-12-2020,UPI  PA    DEEPAK R   Indian Ov  robe,0.0,400.0,UPI
11-12-2020,UPI  PM    Balaji pa  Paytm Pay  C,160.0,0.0,PAYTM
11-12-2020,UPI  PA    Mr MAHESH  Bank of M  Kharcha,5000.0,0.0,UPI
11-12-2020,POS  KUMAR WINES  PUNE,2500.0,0.0,SWIPE
13-11-2020,ECOM PUR  Swiggy,157.0,0.0,ONLINE
13-11-2020,ECOM PUR  Swiggy,272.0,0.0,ONLINE
13-11-2020,UPI  PM    Arjun Mag  Paytm Pay  Meds,550.0,0.0,PAYTM
25-10-2020,UPI  PM    Curewell   Paytm Pay  Meds,1054.0,0.0,PAYTM
26-10-2020,UPI  PM    Balaji pa  Paytm Pay  Cig,180.0,0.0,PAYTM
27-10-2020,VISA MERCH Refund   OCT   MEHROFI TRADERS,0.0,7.5,SWIPE
28-10-2020,ECOM PUR  Amazon Seller,3899.0,0.0,ONLINE
29-10-2020,ECOM PUR  WWW SWIGGY CO,299.0,0.0,ONLINE
29-10-2020,INB    UDEMY INDIA(BILLDESK)  NA,700.0,0.0,NETBANK
29-10-2020,ECOM PUR  Swiggy,430.0,0.0,ONLINE
30-10-2020,ECOM PUR  WWW SWIGGY CO,760.0,0.0,ONLINE
31-10-2020,UPI  PA    Mrs ARCHA  Bank of M  Supriya,6030.0,0.0,UPI
31-10-2020,UPI  PA    GOOGLEPAY  Axis Bank  Rewarde,0.0,5.0,GPAY
31-10-2020,POS  BOTECO RESTAURANT  PUNE,7065.0,0.0,SWIPE
11-01-2020,ECOM PUR  SWIGGY,377.0,0.0,ONLINE
11-02-2020,BRN PYMT CARD,13693.8,0.0,CC
11-02-2020,UPI  PA    Mr  BAPUR  Bank of M  Grocery,961.0,0.0,UPI
11-02-2020,TRF  K RASHEED ABDULLA MALBARI  transfer,0.0,30000.0,TRF
11-02-2020,PUR REV TXN DT  OCT  Swiggy,0.0,430.0,CARDCVV
11-03-2020,ECOM PUR  WWW SWIGGY CO,407.0,0.0,ONLINE
11-04-2020,ECOM PUR  RAZ*Bharti Ai  Gurgaon,471.64,0.0,ONLINE
11-04-2020,ECOM PUR  WWW VODAFONE  GURGAON,470.82,0.0,ONLINE
11-05-2020,CTF  OCT  Swiggy,430.0,0.0,CARDCVV
11-05-2020,UPI  PA    PRIDE DIS  IDBI Bank  Hit mos,172.0,0.0,UPI
11-05-2020,UPI  PA    ACHALARAM  Paytm Pay  Sweets,230.0,0.0,PAYTM
11-06-2020,UPI  PA    CURE WELL  Kotak Mah  Meds,1191.0,0.0,UPI
11-07-2020,UPI  PA    SAGAR SEK  Paytm Pay  Ch,160.0,0.0,PAYTM
11-07-2020,UPI  PA    KAUSTUBH   Kotak Mah  Ganesh,7000.0,0.0,UPI
11-07-2020,UPI  PM    krishna g  Paytm Pay  Cig,165.0,0.0,PAYTM
11-08-2020,POS  SAI PETRO HUB  PUNE,1000.0,0.0,SWIPE
11-09-2020,UPI  PM    krishna g  Paytm Pay  C,165.0,0.0,PAYTM
11-11-2020,UPI  PA    SAGAR SEK  Paytm Pay  Chicken,236.0,0.0,PAYTM
11-11-2020,VISA MERCH Refund   NOV   SAI PETRO HUB,0.0,7.5,SWIPE
11-11-2020,UPI  PA    DEEPAK R   Indian Ov  Robe,400.0,0.0,UPI
11-12-2020,UPI  PA    DEEPAK R   Indian Ov  robe,0.0,400.0,UPI
11-12-2020,UPI  PM    Balaji pa  Paytm Pay  C,160.0,0.0,PAYTM
11-12-2020,UPI  PA    Mr MAHESH  Bank of M  Kharcha,5000.0,0.0,UPI
11-12-2020,POS  KUMAR WINES  PUNE,2500.0,0.0,SWIPE
13-11-2020,ECOM PUR  Swiggy,157.0,0.0,ONLINE
13-11-2020,ECOM PUR  Swiggy,272.0,0.0,ONLINE
13-11-2020,UPI  PM    Arjun Mag  Paytm Pay  Meds,550.0,0.0,PAYTM
14-11-2020,UPI  PA    PRAKASH V  Axis Bank  Grocery,784.0,0.0,UPI
15-11-2020,UPI  PM    Balaji pa  Paytm Pay  C,200.0,0.0,PAYTM
15-11-2020,ECOM PUR  Bundl technol  Vijayawada,210.0,0.0,ONLINE
16-11-2020,UPI  PM    Balaji pa  Paytm Pay  C,180.0,0.0,PAYTM
16-11-2020,POS  SATYAM MEDIZONE  PUNE,217.0,0.0,SWIPE
16-11-2020,POS  KEDARI SERVICE  PUNE,1000.0,0.0,SWIPE
17-11-2020,POS  PARICHAY HOTELS P  PUNE,1000.0,0.0,SWIPE
18-11-2020,NEFT  MB  AXMB  Ashok Ch  KOTAK M  rent,24830.0,0.0,NEFT
18-11-2020,UPI  PM    krishna g  Paytm Pay  C,165.0,0.0,PAYTM
19-11-2020,VISA MERCH Refund   NOV   KEDARI SERVICE STATIO,0.0,7.5,SWIPE
19-11-2020,ECOM PUR  Amazon Seller,785.0,0.0,ONLINE
20-11-2020,UPI  PA    NAVNATH K  Union Ban  Ford to,3000.0,0.0,UPI
20-11-2020,UPI  PM    Balaji pa  Paytm Pay  C,180.0,0.0,PAYTM
21-11-2020,UPI  PA    VIRAJ RAJ  ICICI Ban  Rupali,17000.0,0.0,UPI
21-11-2020,UPI  PM    Mobile Po  Axis Bank  Clove C,108.0,0.0,UPI
21-11-2020,POS  INDEPENDENCE BREW  PUNE,3699.0,0.0,SWIPE
22-11-2020,UPI  PM    krishna g  Paytm Pay  C,165.0,0.0,PAYTM
24-11-2020,UPI  PM    krishna g  Paytm Pay  C,240.0,0.0,PAYTM
24-11-2020,UPI  PA    GOOGLEPAY  Axis Bank  Rewarde,0.0,3.0,GPAY
24-11-2020,UPI  PA    GOOGLEPAY  Axis Bank  Rewarde,0.0,6.0,GPAY
24-11-2020,UPI  PA    GOOGLEPAY  Axis Bank  Rewarde,0.0,7.0,GPAY
25-11-2020,UPI  PM    Balaji pa  Paytm Pay  C,180.0,0.0,PAYTM
27-11-2020,POS  KEDARI SERVICE  PUNE,1000.0,0.0,SWIPE
27-11-2020,UPI  PA    ARCHANA R  HDFC BANK  Kankal,800.0,0.0,UPI
27-11-2020,UPI  PA    ARCHANA R  HDFC BANK  Kankal,50.0,0.0,UPI
27-11-2020,UPI  PM    krishna g  Paytm Pay  C,140.0,0.0,PAYTM
27-11-2020,ECOM PUR  Swiggy,380.0,0.0,ONLINE
29-11-2020,UPI  PM    Balaji pa  Paytm Pay  C,180.0,0.0,PAYTM
29-11-2020,POS  KUMAR WINES  PUNE,530.0,0.0,SWIPE
30-11-2020,UPI  PM    krishna g  Paytm Pay  C,165.0,0.0,PAYTM
30-11-2020,ECOM PUR  Swiggy,370.0,0.0,ONLINE
12-01-2020,VISA MERCH Refund   NOV   KEDARI SERVICE STATIO,0.0,7.5,SWIPE
12-02-2020,NEFT    ARU RAG  ICICI B  NEFT    Test  Aru Ax,0.0,10.0,NEFT
12-02-2020,UPI  PM    krishna g  Paytm Pay  C,470.0,0.0,PAYTM
12-03-2020,BRN PYMT CARD,20502.0,0.0,CC
12-03-2020,ECOM PUR  Amazon Seller,1099.0,0.0,ONLINE
12-04-2020,POS  BARBEQUE NATION N  PUNE,512.0,0.0,SWIPE
12-06-2020,UPI  PA    MS THE PR  Indian Ba  Haircut,200.0,0.0,UPI
12-07-2020,UPI  PM    krishna g  Paytm Pay  C,440.0,0.0,PAYTM
12-08-2020,POS  MEHROFI TRADERS  PUNE,1000.0,0.0,SWIPE
14-11-2020,UPI  PA    PRAKASH V  Axis Bank  Grocery,784.0,0.0,UPI
15-11-2020,UPI  PM    Balaji pa  Paytm Pay  C,200.0,0.0,PAYTM
15-11-2020,ECOM PUR  Bundl technol  Vijayawada,210.0,0.0,ONLINE
16-11-2020,UPI  PM    Balaji pa  Paytm Pay  C,180.0,0.0,PAYTM
16-11-2020,POS  SATYAM MEDIZONE  PUNE,217.0,0.0,SWIPE
16-11-2020,POS  KEDARI SERVICE  PUNE,1000.0,0.0,SWIPE
17-11-2020,POS  PARICHAY HOTELS P  PUNE,1000.0,0.0,SWIPE
18-11-2020,NEFT  MB  AXMB  Ashok Ch  KOTAK M  rent,24830.0,0.0,NEFT
18-11-2020,UPI  PM    krishna g  Paytm Pay  C,165.0,0.0,PAYTM
19-11-2020,VISA MERCH Refund   NOV   KEDARI SERVICE STATIO,0.0,7.5,SWIPE
19-11-2020,ECOM PUR  Amazon Seller,785.0,0.0,ONLINE
20-11-2020,UPI  PA    NAVNATH K  Union Ban  Ford to,3000.0,0.0,UPI
20-11-2020,UPI  PM    Balaji pa  Paytm Pay  C,180.0,0.0,PAYTM
21-11-2020,UPI  PA    VIRAJ RAJ  ICICI Ban  Rupali,17000.0,0.0,UPI
21-11-2020,UPI  PM    Mobile Po  Axis Bank  Clove C,108.0,0.0,UPI
21-11-2020,POS  INDEPENDENCE BREW  PUNE,3699.0,0.0,SWIPE
22-11-2020,UPI  PM    krishna g  Paytm Pay  C,165.0,0.0,PAYTM
24-11-2020,UPI  PM    krishna g  Paytm Pay  C,240.0,0.0,PAYTM
24-11-2020,UPI  PA    GOOGLEPAY  Axis Bank  Rewarde,0.0,3.0,GPAY
24-11-2020,UPI  PA    GOOGLEPAY  Axis Bank  Rewarde,0.0,6.0,GPAY
24-11-2020,UPI  PA    GOOGLEPAY  Axis Bank  Rewarde,0.0,7.0,GPAY
25-11-2020,UPI  PM    Balaji pa  Paytm Pay  C,180.0,0.0,PAYTM
27-11-2020,POS  KEDARI SERVICE  PUNE,1000.0,0.0,SWIPE
27-11-2020,UPI  PA    ARCHANA R  HDFC BANK  Kankal,800.0,0.0,UPI
27-11-2020,UPI  PA    ARCHANA R  HDFC BANK  Kankal,50.0,0.0,UPI
27-11-2020,UPI  PM    krishna g  Paytm Pay  C,140.0,0.0,PAYTM
27-11-2020,ECOM PUR  Swiggy,380.0,0.0,ONLINE
29-11-2020,UPI  PM    Balaji pa  Paytm Pay  C,180.0,0.0,PAYTM
29-11-2020,POS  KUMAR WINES  PUNE,530.0,0.0,SWIPE
30-11-2020,UPI  PM    krishna g  Paytm Pay  C,165.0,0.0,PAYTM
30-11-2020,ECOM PUR  Swiggy,370.0,0.0,ONLINE
12-01-2020,VISA MERCH Refund   NOV   KEDARI SERVICE STATIO,0.0,7.5,SWIPE
12-02-2020,NEFT    ARU RAG  ICICI B  NEFT    Test  Aru Ax,0.0,10.0,NEFT
12-02-2020,UPI  PM    krishna g  Paytm Pay  C,470.0,0.0,PAYTM
12-03-2020,BRN PYMT CARD,20502.0,0.0,CC
12-03-2020,ECOM PUR  Amazon Seller,1099.0,0.0,ONLINE
12-04-2020,POS  BARBEQUE NATION N  PUNE,512.0,0.0,SWIPE
12-06-2020,UPI  PA    MS THE PR  Indian Ba  Haircut,200.0,0.0,UPI
12-07-2020,UPI  PM    krishna g  Paytm Pay  C,440.0,0.0,PAYTM
12-08-2020,POS  MEHROFI TRADERS  PUNE,1000.0,0.0,SWIPE
12-08-2020,PUR REV,0.0,1000.0,CARDCVV
12-08-2020,POS  MEHROFI TRADERS  PUNE,1000.0,0.0,SWIPE
12-10-2020,POS  KUMAR WINES  PUNE,1040.0,0.0,SWIPE
12-10-2020,UPI  PM    Gajraj Fl  Axis Bank  NA,20.0,0.0,UPI
12-10-2020,ECOM PUR  SWIGGY,424.0,0.0,ONLINE
12-12-2020,NEFT    ARU RAG  ICICI B  NEFT    Pushing int,0.0,100000.0,NEFT
12-12-2020,VISA MERCH Refund   DEC   MEHROFI TRADERS,0.0,7.5,SWIPE
12-12-2020,ECOM PUR  WLI*FORT JADH  MUMBAI,8400.0,0.0,ONLINE
13-12-2020,ECOM PUR  Swiggy,756.0,0.0,ONLINE
14-12-2020,ECOM PUR  PAYU  www voda  Pune,470.82,0.0,ONLINE
14-12-2020,ECOM PUR  Bharti Airtel,471.0,0.0,ONLINE
16-12-2020,NEFT  MB  AXMB  Ashok Ch  KOTAK M  rent,24820.0,0.0,NEFT
19-12-2020,POS  SAI PETRO HUB  PUNE,1000.0,0.0,SWIPE
19-12-2020,UPI  PA    Mr  SANKE  Bank of M  NA,220.0,0.0,UPI
19-12-2020,UPI  PA    Mr  SANKE  Bank of M  NA,200.0,0.0,UPI
20-12-2020,POS  Fort Jadhav Gadh  PUNE,10574.0,0.0,SWIPE
20-12-2020,POS  PAY*Rap Gourmet H  PUNE,756.0,0.0,SWIPE
21-12-2020,IMPS  PA    SHALAMAG  ICICIB AN  NA,0.0,10000.0,IMPS
22-12-2020,VISA MERCH Refund   DEC   SAI PETRO HUB,0.0,7.5,SWIPE
23-12-2020,UPI  PA    DIVYA BHA  Punjab Na  Ome ca,10500.0,0.0,UPI
25-12-2020,ECOM PUR  GOOGLE *TEMPO  g co  helppay#,1.0,0.0,ONLINE
25-12-2020,PUR REV,0.0,1.0,CARDCVV
25-12-2020,ECOM PUR  GOOGLE *KITXO  g co  helppay#,270.0,0.0,ONLINE
25-12-2020,POS  CURE WELL DRUG ST  PUNE,1751.0,0.0,SWIPE
25-12-2020,UPI  PM    Balaji pa  Paytm Pay  Oid,180.0,0.0,PAYTM
26-12-2020,ECOM PUR  UTILITY  CC  BAI MH,1469.63,0.0,ONLINE
27-12-2020,UPI  PM    BilldeskT  ICICI Ban  Pay,2678.0,0.0,UPI
27-12-2020,ECOM PUR  Swiggy,514.0,0.0,ONLINE
27-12-2020,UPI  PA    SANTOSH K  Punjab Na  Maid an,1700.0,0.0,UPI
27-12-2020,UPI  PM    krishna g  Paytm Pay  C,170.0,0.0,PAYTM
27-12-2020,POS  HAMLEYS  PUNE,5147.0,0.0,SWIPE
27-12-2020,POS  KFC SAPPHIRE  PUNE,801.0,0.0,SWIPE
27-12-2020,POS  TATA STARBUCKS  PUNE,236.0,0.0,SWIPE
27-12-2020,ECOM PUR  PAYPAL *NODEC,120.03,0.0,ONLINE
28-12-2020,NEFT  CITIN  PAYPAL PA  CITIBANK   P,0.0,2420.09,NEFT
29-12-2020,UPI  PM    krishna g  Paytm Pay  C,170.0,0.0,PAYTM
29-12-2020,ECOM PUR  SWIGGY,247.0,0.0,ONLINE
30-12-2020,UPI  PA    LALIMA CH  ICICI Ban  st Jan,2200.0,0.0,UPI
31-12-2020,NEFT  CITIN  PAYPAL PA  CITIBANK   P,0.0,2419.45,NEFT
12-08-2020,PUR REV,0.0,1000.0,CARDCVV
12-08-2020,POS  MEHROFI TRADERS  PUNE,1000.0,0.0,SWIPE
12-10-2020,POS  KUMAR WINES  PUNE,1040.0,0.0,SWIPE
12-10-2020,UPI  PM    Gajraj Fl  Axis Bank  NA,20.0,0.0,UPI
12-10-2020,ECOM PUR  SWIGGY,424.0,0.0,ONLINE
12-12-2020,NEFT    ARU RAG  ICICI B  NEFT    Pushing int,0.0,100000.0,NEFT
12-12-2020,VISA MERCH Refund   DEC   MEHROFI TRADERS,0.0,7.5,SWIPE
12-12-2020,ECOM PUR  WLI*FORT JADH  MUMBAI,8400.0,0.0,ONLINE
13-12-2020,ECOM PUR  Swiggy,756.0,0.0,ONLINE
14-12-2020,ECOM PUR  PAYU  www voda  Pune,470.82,0.0,ONLINE
14-12-2020,ECOM PUR  Bharti Airtel,471.0,0.0,ONLINE
16-12-2020,NEFT  MB  AXMB  Ashok Ch  KOTAK M  rent,24820.0,0.0,NEFT
19-12-2020,POS  SAI PETRO HUB  PUNE,1000.0,0.0,SWIPE
19-12-2020,UPI  PA    Mr  SANKE  Bank of M  NA,220.0,0.0,UPI
19-12-2020,UPI  PA    Mr  SANKE  Bank of M  NA,200.0,0.0,UPI
20-12-2020,POS  Fort Jadhav Gadh  PUNE,10574.0,0.0,SWIPE
20-12-2020,POS  PAY*Rap Gourmet H  PUNE,756.0,0.0,SWIPE
21-12-2020,IMPS  PA    SHALAMAG  ICICIB AN  NA,0.0,10000.0,IMPS
22-12-2020,VISA MERCH Refund   DEC   SAI PETRO HUB,0.0,7.5,SWIPE
23-12-2020,UPI  PA    DIVYA BHA  Punjab Na  Ome ca,10500.0,0.0,UPI
25-12-2020,ECOM PUR  GOOGLE *TEMPO  g co  helppay#,1.0,0.0,ONLINE
25-12-2020,PUR REV,0.0,1.0,CARDCVV
25-12-2020,ECOM PUR  GOOGLE *KITXO  g co  helppay#,270.0,0.0,ONLINE
25-12-2020,POS  CURE WELL DRUG ST  PUNE,1751.0,0.0,SWIPE
25-12-2020,UPI  PM    Balaji pa  Paytm Pay  Oid,180.0,0.0,PAYTM
26-12-2020,ECOM PUR  UTILITY  CC  BAI MH,1469.63,0.0,ONLINE
27-12-2020,UPI  PM    BilldeskT  ICICI Ban  Pay,2678.0,0.0,UPI
27-12-2020,ECOM PUR  Swiggy,514.0,0.0,ONLINE
27-12-2020,UPI  PA    SANTOSH K  Punjab Na  Maid an,1700.0,0.0,UPI
27-12-2020,UPI  PM    krishna g  Paytm Pay  C,170.0,0.0,PAYTM
27-12-2020,POS  HAMLEYS  PUNE,5147.0,0.0,SWIPE
27-12-2020,POS  KFC SAPPHIRE  PUNE,801.0,0.0,SWIPE
27-12-2020,POS  TATA STARBUCKS  PUNE,236.0,0.0,SWIPE
27-12-2020,ECOM PUR  PAYPAL *NODEC,120.03,0.0,ONLINE
28-12-2020,NEFT  CITIN  PAYPAL PA  CITIBANK   P,0.0,2420.09,NEFT
29-12-2020,UPI  PM    krishna g  Paytm Pay  C,170.0,0.0,PAYTM
29-12-2020,ECOM PUR  SWIGGY,247.0,0.0,ONLINE
30-12-2020,UPI  PA    LALIMA CH  ICICI Ban  st Jan,2200.0,0.0,UPI
31-12-2020,NEFT  CITIN  PAYPAL PA  CITIBANK   P,0.0,2419.45,NEFT
31-12-2020,UPI  PM    krishna g  Paytm Pay  C,170.0,0.0,PAYTM
31-12-2020,Int Pd    to,0.0,820.0,INTEREST
01-01-2021,POS  KUMAR WINES  PUNE,1790.0,0.0,SWIPE
01-01-2021,UPI  PA     PILLAY A  IDBI Bank  C,150.0,0.0,UPI
01-01-2021,UPI  PA    LALIMA CH  ICICI Ban  C,1300.0,0.0,UPI
01-01-2021,UPI  PA    Mr KAMAL   Bank of M  Momos,240.0,0.0,UPI
01-02-2021,BRN PYMT CARD,26918.31,0.0,CC
01-02-2021,UPI  PA    LALIMA CH  ICICI Ban  returni,0.0,200.0,UPI
01-03-2021,POS  SAI PETRO HUB  PUNE,1000.0,0.0,SWIPE
01-04-2021,UPI  PM    krishna g  Paytm Pay  C,170.0,0.0,PAYTM
01-05-2021,NEFT    ARU RAG  ICICI B  NEFT    Contra  Aru Ax,0.0,100000.0,NEFT
01-06-2021,UPI  PM    A  Fresh  Paytm Pay  Chicken,500.0,0.0,PAYTM
01-06-2021,VISA MERCH Refund   JAN   SAI PETRO HUB,0.0,7.5,SWIPE
01-06-2021,UPI  PM    krishna g  Paytm Pay  C,170.0,0.0,PAYTM
01-06-2021,UPI  PA    LAXMI CAF  TJSB Saha  Coffee,1700.0,0.0,UPI
01-07-2021,UPI  PM    AMAZON SE  HDFC BANK  Amazon,545.0,0.0,UPI
01-08-2021,UPI  PM    AMAZON SE  HDFC BANK  Amazon,521.0,0.0,UPI
01-08-2021,UPI  PM    AMAZON SE  HDFC BANK  Amazon,519.0,0.0,UPI
01-08-2021,UPI  PM    AMAZON SE  HDFC BANK  Amazon,799.0,0.0,UPI
01-09-2021,UPI  PM    AMAZON SE  HDFC BANK  UPI,945.0,0.0,UPI
01-09-2021,UPI  PM    AMAZON SE  HDFC BANK  Amazon,599.0,0.0,UPI
01-09-2021,UPI  PM    RUDRAKSH   Paytm Pay  Modula,196.0,0.0,PAYTM
01-10-2021,UPI  PA    BISWARUP   ICICI Ban  UPI,0.0,1.0,UPI
01-10-2021,UPI  PA    BISWARUP   ICICI Ban  NA,500.0,0.0,UPI
01-11-2021,ECOM PUR  SWIGGY,283.0,0.0,ONLINE
13-01-2021,UPI  PM    VANDAN ME  Axis Bank  Contour,1350.0,0.0,UPI
13-01-2021,UPI  PM    krishna g  Paytm Pay  C,500.0,0.0,PAYTM
14-01-2021,UPI  PM    AZAD CHIK  Axis Bank  Mutton,810.0,0.0,UPI
15-01-2021,ECOM PUR  Amazon in  Gro,2051.0,0.0,ONLINE
15-01-2021,UPI  PM    krishna g  Paytm Pay  C,170.0,0.0,PAYTM
16-01-2021,INB    PAYU IN,2859.0,0.0,NETBANK
16-01-2021,ECOM PUR  Amazon in  Gro,572.0,0.0,ONLINE
16-01-2021,ECOM PUR  Amazon in  Gro,4604.0,0.0,ONLINE
17-01-2021,UPI  PA    MUSADIK A  Bank of B  Mutton,660.0,0.0,UPI
17-01-2021,GST @% on Charge,2.7,0.0,TAX
17-01-2021,Consolidated Charges for A  c,15.0,0.0,TAX
17-01-2021,NEFT  MB  AXMB  Ashok Ch  KOTAK M  rent,24570.0,0.0,NEFT
31-12-2020,UPI  PM    krishna g  Paytm Pay  C,170.0,0.0,PAYTM
31-12-2020,Int Pd    to,0.0,820.0,INTEREST
01-01-2021,POS  KUMAR WINES  PUNE,1790.0,0.0,SWIPE
01-01-2021,UPI  PA     PILLAY A  IDBI Bank  C,150.0,0.0,UPI
01-01-2021,UPI  PA    LALIMA CH  ICICI Ban  C,1300.0,0.0,UPI
01-01-2021,UPI  PA    Mr KAMAL   Bank of M  Momos,240.0,0.0,UPI
01-02-2021,BRN PYMT CARD,26918.31,0.0,CC
01-02-2021,UPI  PA    LALIMA CH  ICICI Ban  returni,0.0,200.0,UPI
01-03-2021,POS  SAI PETRO HUB  PUNE,1000.0,0.0,SWIPE
01-04-2021,UPI  PM    krishna g  Paytm Pay  C,170.0,0.0,PAYTM
01-05-2021,NEFT    ARU RAG  ICICI B  NEFT    Contra  Aru Ax,0.0,100000.0,NEFT
01-06-2021,UPI  PM    A  Fresh  Paytm Pay  Chicken,500.0,0.0,PAYTM
01-06-2021,VISA MERCH Refund   JAN   SAI PETRO HUB,0.0,7.5,SWIPE
01-06-2021,UPI  PM    krishna g  Paytm Pay  C,170.0,0.0,PAYTM
01-06-2021,UPI  PA    LAXMI CAF  TJSB Saha  Coffee,1700.0,0.0,UPI
01-07-2021,UPI  PM    AMAZON SE  HDFC BANK  Amazon,545.0,0.0,UPI
01-08-2021,UPI  PM    AMAZON SE  HDFC BANK  Amazon,521.0,0.0,UPI
01-08-2021,UPI  PM    AMAZON SE  HDFC BANK  Amazon,519.0,0.0,UPI
01-08-2021,UPI  PM    AMAZON SE  HDFC BANK  Amazon,799.0,0.0,UPI
01-09-2021,UPI  PM    AMAZON SE  HDFC BANK  UPI,945.0,0.0,UPI
01-09-2021,UPI  PM    AMAZON SE  HDFC BANK  Amazon,599.0,0.0,UPI
01-09-2021,UPI  PM    RUDRAKSH   Paytm Pay  Modula,196.0,0.0,PAYTM
01-10-2021,UPI  PA    BISWARUP   ICICI Ban  UPI,0.0,1.0,UPI
01-10-2021,UPI  PA    BISWARUP   ICICI Ban  NA,500.0,0.0,UPI
01-11-2021,ECOM PUR  SWIGGY,283.0,0.0,ONLINE
13-01-2021,UPI  PM    VANDAN ME  Axis Bank  Contour,1350.0,0.0,UPI
13-01-2021,UPI  PM    krishna g  Paytm Pay  C,500.0,0.0,PAYTM
14-01-2021,UPI  PM    AZAD CHIK  Axis Bank  Mutton,810.0,0.0,UPI
15-01-2021,ECOM PUR  Amazon in  Gro,2051.0,0.0,ONLINE
15-01-2021,UPI  PM    krishna g  Paytm Pay  C,170.0,0.0,PAYTM
16-01-2021,INB    PAYU IN,2859.0,0.0,NETBANK
16-01-2021,ECOM PUR  Amazon in  Gro,572.0,0.0,ONLINE
16-01-2021,ECOM PUR  Amazon in  Gro,4604.0,0.0,ONLINE
17-01-2021,UPI  PA    MUSADIK A  Bank of B  Mutton,660.0,0.0,UPI
17-01-2021,GST @% on Charge,2.7,0.0,TAX
17-01-2021,Consolidated Charges for A  c,15.0,0.0,TAX
17-01-2021,NEFT  MB  AXMB  Ashok Ch  KOTAK M  rent,24570.0,0.0,NEFT
18-01-2021,ECOM PUR  Amazon Seller,149.0,0.0,ONLINE
18-01-2021,NEFT  MB  AXMB  Supriya   HDFC BA  house e,5000.0,0.0,NEFT
19-01-2021,NEFT  CITIN  PAYPAL PA  CITIBANK   P,0.0,1977.86,NEFT
19-01-2021,POS  KEDARI SERVICE  PUNE,1000.0,0.0,SWIPE
19-01-2021,UPI  PA    CURE WELL  Kotak Mah  Meds,794.0,0.0,UPI
19-01-2021,ECOM PUR  Amazon in  Gro,185.0,0.0,ONLINE
20-01-2021,ECOM PUR  Vodafone Idea  Mumbai,470.82,0.0,ONLINE
21-01-2021,UPI  PA    SAGAR SEK  Paytm Pay  NA,180.0,0.0,PAYTM
21-01-2021,ECOM PUR  Amazon Seller,249.0,0.0,ONLINE
22-01-2021,VISA MERCH Refund   JAN   KEDARI SERVICE STATIO,0.0,7.5,SWIPE
25-01-2021,IMPS  PA    SHALAMAG  ICICIB AN  NA,0.0,10000.0,IMPS
27-01-2021,NEFT  CITIN  PAYPAL PA  CITIBANK   P,0.0,642.06,NEFT
30-01-2021,NEFT    ARU RAG  ICICI B  NEFT    Contra  Aru Ax,0.0,100000.0,NEFT
31-01-2021,UPI  PA    ANEESH  S  State Ban  prince,540.0,0.0,UPI
31-01-2021,UPI  PA    BIMALENDU  State Ban  Tandoor,2500.0,0.0,UPI
02-01-2021,NEFT  CITIN  PAYPAL PA  CITIBANK   P,0.0,10433.35,NEFT
02-02-2021,BRN PYMT CARD,32036.5,0.0,CC
02-03-2021,UPI  PA    SAGAR SEK  Paytm Pay  Chicken,180.0,0.0,PAYTM
02-04-2021,ECOM PUR  Bharti Airtel  NewDelhi,470.82,0.0,ONLINE
02-04-2021,ECOM PUR  PAYU  www voda  Pune,533.36,0.0,ONLINE
02-05-2021,NEFT  MB  AXMB  Supriya   HDFC BA  expense,10000.0,0.0,NEFT
02-05-2021,UPI  PA    Mr MANAGE  Allahabad  Vento s,11852.0,0.0,UPI
02-06-2021,ECOM PUR  Amazon in  Gro,978.0,0.0,ONLINE
02-10-2021,UPI  PA    JANNAT YA  HDFC BANK  Refund,3000.0,0.0,UPI
14-02-2021,POS  SUNNY VENTURES  PUNE,1000.0,0.0,SWIPE
15-02-2021,NEFT  MB  AXMB  Ashok Ch  KOTAK M  rent,24490.0,0.0,NEFT
15-02-2021,ECOM PUR  SWIGGY,384.0,0.0,ONLINE
16-02-2021,UPI  PA    CURE WELL  Kotak Mah  Glimisa,274.0,0.0,UPI
17-02-2021,UPI  PM    Ramesh la  Paytm Pay  C,500.0,0.0,PAYTM
18-02-2021,ECOM PUR  Amazon in  Gro,1164.1,0.0,ONLINE
19-02-2021,ECOM PUR  Amazon in  Gro,1764.0,0.0,ONLINE
19-02-2021,UPI  PM    Ramesh la  Paytm Pay  C,160.0,0.0,PAYTM
19-02-2021,ECOM PUR  Amazon in  Gro,169.0,0.0,ONLINE
20-02-2021,UPI  PM    Ramesh la  Paytm Pay  c,320.0,0.0,PAYTM
21-02-2021,ECOM PUR  SWIGGY,575.0,0.0,ONLINE
24-02-2021,UPI  PA    BABU LAL  Paytm Pay  C,300.0,0.0,PAYTM
27-02-2021,IMPS  PA    SHALAMAG  ICICIB AN  NA,0.0,20000.0,IMPS
18-01-2021,ECOM PUR  Amazon Seller,149.0,0.0,ONLINE
18-01-2021,NEFT  MB  AXMB  Supriya   HDFC BA  house e,5000.0,0.0,NEFT
19-01-2021,NEFT  CITIN  PAYPAL PA  CITIBANK   P,0.0,1977.86,NEFT
19-01-2021,POS  KEDARI SERVICE  PUNE,1000.0,0.0,SWIPE
19-01-2021,UPI  PA    CURE WELL  Kotak Mah  Meds,794.0,0.0,UPI
19-01-2021,ECOM PUR  Amazon in  Gro,185.0,0.0,ONLINE
20-01-2021,ECOM PUR  Vodafone Idea  Mumbai,470.82,0.0,ONLINE
21-01-2021,UPI  PA    SAGAR SEK  Paytm Pay  NA,180.0,0.0,PAYTM
21-01-2021,ECOM PUR  Amazon Seller,249.0,0.0,ONLINE
22-01-2021,VISA MERCH Refund   JAN   KEDARI SERVICE STATIO,0.0,7.5,SWIPE
25-01-2021,IMPS  PA    SHALAMAG  ICICIB AN  NA,0.0,10000.0,IMPS
27-01-2021,NEFT  CITIN  PAYPAL PA  CITIBANK   P,0.0,642.06,NEFT
30-01-2021,NEFT    ARU RAG  ICICI B  NEFT    Contra  Aru Ax,0.0,100000.0,NEFT
31-01-2021,UPI  PA    ANEESH  S  State Ban  prince,540.0,0.0,UPI
31-01-2021,UPI  PA    BIMALENDU  State Ban  Tandoor,2500.0,0.0,UPI
02-01-2021,NEFT  CITIN  PAYPAL PA  CITIBANK   P,0.0,10433.35,NEFT
02-02-2021,BRN PYMT CARD,32036.5,0.0,CC
02-03-2021,UPI  PA    SAGAR SEK  Paytm Pay  Chicken,180.0,0.0,PAYTM
02-04-2021,ECOM PUR  Bharti Airtel  NewDelhi,470.82,0.0,ONLINE
02-04-2021,ECOM PUR  PAYU  www voda  Pune,533.36,0.0,ONLINE
02-05-2021,NEFT  MB  AXMB  Supriya   HDFC BA  expense,10000.0,0.0,NEFT
02-05-2021,UPI  PA    Mr MANAGE  Allahabad  Vento s,11852.0,0.0,UPI
02-06-2021,ECOM PUR  Amazon in  Gro,978.0,0.0,ONLINE
02-10-2021,UPI  PA    JANNAT YA  HDFC BANK  Refund,3000.0,0.0,UPI
14-02-2021,POS  SUNNY VENTURES  PUNE,1000.0,0.0,SWIPE
15-02-2021,NEFT  MB  AXMB  Ashok Ch  KOTAK M  rent,24490.0,0.0,NEFT
15-02-2021,ECOM PUR  SWIGGY,384.0,0.0,ONLINE
16-02-2021,UPI  PA    CURE WELL  Kotak Mah  Glimisa,274.0,0.0,UPI
17-02-2021,UPI  PM    Ramesh la  Paytm Pay  C,500.0,0.0,PAYTM
18-02-2021,ECOM PUR  Amazon in  Gro,1164.1,0.0,ONLINE
19-02-2021,ECOM PUR  Amazon in  Gro,1764.0,0.0,ONLINE
19-02-2021,UPI  PM    Ramesh la  Paytm Pay  C,160.0,0.0,PAYTM
19-02-2021,ECOM PUR  Amazon in  Gro,169.0,0.0,ONLINE
20-02-2021,UPI  PM    Ramesh la  Paytm Pay  c,320.0,0.0,PAYTM
21-02-2021,ECOM PUR  SWIGGY,575.0,0.0,ONLINE
24-02-2021,UPI  PA    BABU LAL  Paytm Pay  C,300.0,0.0,PAYTM
27-02-2021,IMPS  PA    SHALAMAG  ICICIB AN  NA,0.0,20000.0,IMPS
27-02-2021,UPI  PA    CURE WELL  Kotak Mah  glimi i,794.0,0.0,UPI
27-02-2021,NEFT    ARU RAG  ICICI B  NEFT    Contra  Aru Ax,0.0,100000.0,NEFT
27-02-2021,UPI  PM    Ramesh la  Paytm Pay  c,160.0,0.0,PAYTM
28-02-2021,UPI  PA    PRASAD MA  Bank of I  C,180.0,0.0,UPI
28-02-2021,POS  THE GRAVITY LOUNG  PUNE,3385.0,0.0,SWIPE
03-02-2021,UPI  PA    GOOGLEPAY  Axis Bank  UPI,0.0,5.0,GPAY
03-02-2021,UPI  PA    GOOGLEPAY  Axis Bank  UPI,0.0,5.0,GPAY
03-02-2021,UPI  PA    GOOGLEPAY  Axis Bank  Rewarde,0.0,5.0,GPAY
03-02-2021,UPI  PA    GOOGLEPAY  Axis Bank  Rewarde,0.0,8.0,GPAY
03-02-2021,UPI  PA    GOOGLEPAY  Axis Bank  Rewarde,0.0,7.0,GPAY
18-03-2021,UPI  PA    SUPRIYA S  HDFC BANK  test,100.0,0.0,UPI
18-03-2021,MOB  CCPMT  MICLH  XXXXX X,21626.0,0.0,NETBANK
18-03-2021,NEFT  MB  AXMB  Ashok Ch  KOTAK M  rent,24650.0,0.0,NEFT
20-03-2021,POS  KUMAR WINES  PUNE,2550.0,0.0,SWIPE
20-03-2021,UPI  PA    FARHAN SH  Bank of I  gudang,150.0,0.0,UPI
21-03-2021,ECOM PUR  SWIGGY XL  BANGALORE,484.0,0.0,ONLINE
23-03-2021,UPI  PA    GOOGLEPAY  Axis Bank  UPI,0.0,4.0,GPAY
23-03-2021,UPI  PA    SHALAM AG  ICICI Ban  aru sir,0.0,15000.0,UPI
26-03-2021,POS  BIG BASKET  BANGALORE,1307.0,0.0,SWIPE
27-03-2021,NEFT  MB  AXMB  Supriya   HDFC BA  expense,25000.0,0.0,NEFT
27-03-2021,ECOM PUR  Swiggy,399.0,0.0,ONLINE
28-03-2021,ECOM PUR  Swiggy,219.0,0.0,ONLINE
29-03-2021,ECOM PUR  PAYU  airtel  Gurgaon,470.64,0.0,ONLINE
29-03-2021,UPI  PM    Ramesh la  Paytm Pay  C,160.0,0.0,PAYTM
29-03-2021,POS  K S R EYE WEAR  PUNE,1115.0,0.0,SWIPE
29-03-2021,POS  BIKANER MITHAIWAL  PUNE,435.0,0.0,SWIPE
29-03-2021,POS  BIKANER MITHAIWAL  PUNE,80.0,0.0,SWIPE
30-03-2021,POS  K S R EYE WEAR  PUNE,650.0,0.0,SWIPE
30-03-2021,ATM CASH  SBI UNDRI RBANCH   PUNE,10000.0,0.0,CASHWD
30-03-2021,UPI  PM    Ramesh la  Paytm Pay  C,320.0,0.0,PAYTM
31-03-2021,Int Pd    to,0.0,1194.0,INTEREST
27-02-2021,UPI  PA    CURE WELL  Kotak Mah  glimi i,794.0,0.0,UPI
27-02-2021,NEFT    ARU RAG  ICICI B  NEFT    Contra  Aru Ax,0.0,100000.0,NEFT
27-02-2021,UPI  PM    Ramesh la  Paytm Pay  c,160.0,0.0,PAYTM
28-02-2021,UPI  PA    PRASAD MA  Bank of I  C,180.0,0.0,UPI
28-02-2021,POS  THE GRAVITY LOUNG  PUNE,3385.0,0.0,SWIPE
03-02-2021,UPI  PA    GOOGLEPAY  Axis Bank  UPI,0.0,5.0,GPAY
03-02-2021,UPI  PA    GOOGLEPAY  Axis Bank  UPI,0.0,5.0,GPAY
03-02-2021,UPI  PA    GOOGLEPAY  Axis Bank  Rewarde,0.0,5.0,GPAY
03-02-2021,UPI  PA    GOOGLEPAY  Axis Bank  Rewarde,0.0,8.0,GPAY
03-02-2021,UPI  PA    GOOGLEPAY  Axis Bank  Rewarde,0.0,7.0,GPAY
18-03-2021,UPI  PA    SUPRIYA S  HDFC BANK  test,100.0,0.0,UPI
18-03-2021,MOB  CCPMT  MICLH  XXXXX X,21626.0,0.0,NETBANK
18-03-2021,NEFT  MB  AXMB  Ashok Ch  KOTAK M  rent,24650.0,0.0,NEFT
20-03-2021,POS  KUMAR WINES  PUNE,2550.0,0.0,SWIPE
20-03-2021,UPI  PA    FARHAN SH  Bank of I  gudang,150.0,0.0,UPI
21-03-2021,ECOM PUR  SWIGGY XL  BANGALORE,484.0,0.0,ONLINE
23-03-2021,UPI  PA    GOOGLEPAY  Axis Bank  UPI,0.0,4.0,GPAY
23-03-2021,UPI  PA    SHALAM AG  ICICI Ban  aru sir,0.0,15000.0,UPI
26-03-2021,POS  BIG BASKET  BANGALORE,1307.0,0.0,SWIPE
27-03-2021,NEFT  MB  AXMB  Supriya   HDFC BA  expense,25000.0,0.0,NEFT
27-03-2021,ECOM PUR  Swiggy,399.0,0.0,ONLINE
28-03-2021,ECOM PUR  Swiggy,219.0,0.0,ONLINE
29-03-2021,ECOM PUR  PAYU  airtel  Gurgaon,470.64,0.0,ONLINE
29-03-2021,UPI  PM    Ramesh la  Paytm Pay  C,160.0,0.0,PAYTM
29-03-2021,POS  K S R EYE WEAR  PUNE,1115.0,0.0,SWIPE
29-03-2021,POS  BIKANER MITHAIWAL  PUNE,435.0,0.0,SWIPE
29-03-2021,POS  BIKANER MITHAIWAL  PUNE,80.0,0.0,SWIPE
30-03-2021,POS  K S R EYE WEAR  PUNE,650.0,0.0,SWIPE
30-03-2021,ATM CASH  SBI UNDRI RBANCH   PUNE,10000.0,0.0,CASHWD
30-03-2021,UPI  PM    Ramesh la  Paytm Pay  C,320.0,0.0,PAYTM
31-03-2021,Int Pd    to,0.0,1194.0,INTEREST
